7,Bob Brown,SNP Array,rs12345,chr20:816128,Pathogenic
7,Bob Brown,SNP Array,rs54321,chr3:107179,Pathogenic
7,Bob Brown,SNP Array,rs54321,chr8:207853,Pathogenic
8,Sarah Brown,SNP Array,rs12345,chr22:13569,Pathogenic
9,Jane Martinez,SNP Array,rs67890,chr18:709766,Pathogenic
26,Michael Hernandez,SNP Array,rs98765,chr18:925864,Pathogenic
27,John Smith,SNP Array,rs112233,chr20:792600,Pathogenic
27,John Smith,SNP Array,rs67890,chr16:853529,Pathogenic
27,John Smith,SNP Array,rs112233,chrX:724973,Pathogenic
35,Jane Brown,SNP Array,rs112233,chrY:357352,Pathogenic
39,Jane Garcia,SNP Array,rs67890,chr3:119808,Pathogenic
39,Jane Garcia,SNP Array,rs98765,chr18:156266,Pathogenic
39,Jane Garcia,SNP Array,rs67890,chr16:420712,Pathogenic
39,Jane Garcia,SNP Array,rs12345,chr20:573694,Pathogenic
46,Laura Garcia,SNP Array,rs112233,chrX:674952,Pathogenic
50,James Miller,SNP Array,rs67890,chr2:631995,Pathogenic
55,Bob Miller,SNP Array,rs112233,chr17:557723,Pathogenic
56,Michael Jones,SNP Array,rs112233,chr17:557723,Pathogenic
57,Laura Hernandez,SNP Array,rs112233,chrY:357352,Pathogenic
58,Sarah Brown,SNP Array,rs67890,chr18:709766,Pathogenic
59,James Brown,SNP Array,rs54321,chr12:566781,Pathogenic
62,David Miller,SNP Array,rs12345,chr17:240444,Pathogenic
63,Bob Martinez,SNP Array,rs112233,chrY:81746,Pathogenic
66,James Miller,SNP Array,rs12345,chr20:816128,Pathogenic
66,James Miller,SNP Array,rs54321,chr3:107179,Pathogenic
66,James Miller,SNP Array,rs54321,chr8:207853,Pathogenic
68,Laura Brown,SNP Array,rs112233,chrY:81746,Pathogenic
73,Michael Jones,SNP Array,rs112233,chrY:357352,Pathogenic
78,Jane Smith,SNP Array,rs12345,chr17:240444,Pathogenic
86,Emma Brown,SNP Array,rs67890,chr14:170122,Pathogenic
86,Emma Brown,SNP Array,rs12345,chr21:426717,Pathogenic
88,Jane Johnson,SNP Array,rs12345,chr6:842340,Pathogenic
88,Jane Johnson,SNP Array,rs112233,chr9:725258,Pathogenic
88,Jane Johnson,SNP Array,rs67890,chr12:790530,Pathogenic
